{"name":"5e01b213-38ad-4a54-8f7c-25d3bee36101","id":"/providers/Microsoft.Flow/flows/5e01b213-38ad-4a54-8f7c-25d3bee36101","type":"Microsoft.Flow/flows","properties":{"apiId":"/providers/Microsoft.PowerApps/apis/shared_logicflows","displayName":"MAGIC Lantern Item Enquires","definition":{"metadata":{"workflowEntityId":null,"processAdvisorMetadata":null,"flowChargedByPaygo":null,"flowclientsuspensionreason":"None","flowclientsuspensiontime":null,"flowclientsuspensionreasondetails":null,"creator":{"id":"27417876-adb1-4797-97f6-acbd39e93140","type":"User","tenantId":"b311db95-32ad-438f-a101-7ba061712a4e"},"provisioningMethod":"FromDefinition","failureAlertSubscription":true,"clientLastModifiedTime":"2025-10-10T16:09:20.627815Z","connectionKeySavedTimeKey":"2025-10-10T16:09:20.627815Z","creationSource":"Portal","modifiedSources":"Portal"},"$schema":"https://schema.management.azure.com/providers/Microsoft.Logic/schemas/2016-06-01/workflowdefinition.json#","contentVersion":"1.0.0.0","parameters":{"$authentication":{"defaultValue":{},"type":"SecureObject"},"$connections":{"defaultValue":{},"type":"Object"}},"triggers":{"manual":{"metadata":{},"type":"Request","kind":"Http","inputs":{"method":"POST","triggerAuthenticationType":"All"}}},"actions":{"item-id":{"runAfter":{},"type":"InitializeVariable","inputs":{"variables":[{"name":"item-id","type":"string","value":"@triggerFormDataValue('item-id')"}]}},"item-poc":{"runAfter":{"item-id":["Succeeded"]},"type":"InitializeVariable","inputs":{"variables":[{"name":"item-poc","type":"string","value":"@triggerFormDataValue('item-poc')"}]}},"message-subject":{"runAfter":{"item-poc":["Succeeded"]},"type":"InitializeVariable","inputs":{"variables":[{"name":"message-subject","type":"string","value":"@replace(triggerFormDataValue('message-subject'), 'Message about ', '')"}]}},"response-body-error":{"runAfter":{"response-body-ok":["Succeeded"]},"type":"Compose","inputs":"<!DOCTYPE html>\n<html lang=\"en-GB\">\n  <head>\n    <meta charset=\"UTF-8\">\n    <title>BAS Data Catalogue</title>\n    <style>\n      body {\n        font-family: ui-sans-serif, system-ui, sans-serif;\n        font-size: 1rem;\n        color: #333;\n        background-color: #fff;\n        margin: 0;\n      }\n      header {\n        background-color: #222;\n        padding: 1rem;\n        margin: 0;\n      }\n      header a {\n        font-size: 1.125rem;\n        font-weight: bold;\n        text-decoration: none;\n        color: #fff;\n      }\n      main {\n        padding: 1rem;\n      }\n    </style>\n  </head>\n  <body>\n    <header>\n      <a href=\"https://data.bas.ac.uk\" id=\"site-title\">BAS Data Catalogue</a>\n    </header>\n    <main>\n      <p>We're sorry, an error occured with your enquiry and it cannot be accepted.</p>\n      <p>Please <a href=\"https://data.bas.ac.uk/items@{variables('item-id')}\">return to the item</a> and try again, or use an alternative contact method if the problem persists.</p>\n    </main>\n  </body>\n</html>"},"response-body-ok":{"runAfter":{"turnstile-challenge":["Succeeded"]},"type":"Compose","inputs":"<!DOCTYPE html>\n<html lang=\"en-GB\">\n  <head>\n    <meta charset=\"UTF-8\">\n    <title>BAS Data Catalogue</title>\n    <style>\n      body {\n        font-family: ui-sans-serif, system-ui, sans-serif;\n        font-size: 1rem;\n        color: #333;\n        background-color: #fff;\n        margin: 0;\n      }\n      header {\n        background-color: #222;\n        padding: 1rem;\n        margin: 0;\n      }\n      header a {\n        font-size: 1.125rem;\n        font-weight: bold;\n        text-decoration: none;\n        color: #fff;\n      }\n      main {\n        padding: 1rem;\n      }\n    </style>\n  </head>\n  <body>\n    <header>\n      <a href=\"https://data.bas.ac.uk\" id=\"site-title\">BAS Data Catalogue</a>\n    </header>\n    <main>\n      <p>Thank you for your enquiry. We'll be in touch soon.</p>\n      <p><a href=\"https://data.bas.ac.uk/items/@{variables('item-id')}\">Return to item</a></p>\n    </main>\n  </body>\n</html>"},"turnstile-challenge":{"runAfter":{"message-sender-email":["Succeeded"]},"type":"InitializeVariable","inputs":{"variables":[{"name":"turnstile-challenge","type":"string","value":"@triggerFormDataValue('cf-turnstile-response')"}]}},"turnstile-verify":{"runAfter":{"response-body-error":["Succeeded"]},"type":"Http","inputs":{"uri":"https://challenges.cloudflare.com/turnstile/v0/siteverify","method":"POST","body":{"secret":"0x4AAAAAAB5xzQfiYqDEIiuzvV78UaC9rt8","response":"@{variables('turnstile-challenge')}"}}},"turnstile-parse":{"runAfter":{"turnstile-verify":["Succeeded"]},"type":"ParseJson","inputs":{"content":"@body('turnstile-verify')","schema":{"type":"object","properties":{"success":{"type":"boolean"},"challenge_ts":{"type":"string"},"hostname":{"type":"string"},"error-codes":{"type":"array"},"action":{"type":"string"},"cdata":{"type":"string"},"metadata":{"type":"object","properties":{"ephemeral_id":{"type":"string"}}}}}}},"Condition":{"actions":{"switch-poc":{"cases":{"MAGIC":{"case":"magic@bas.ac.uk","actions":{"issue-body":{"type":"Compose","inputs":"<p>Someone has enquired about an item in the ADD Metadata Toolbox.</p>\n\n<h4>Item</h4>\n<p><a href=\"https://data.bas.ac.uk/items/@{variables('item-id')}\">@{variables('item-id')}</a></p>\n\n<h4>Message</h4>\n<blockquote>@{variables('message-content')}</blockquote>\n\n<h4>Sender</h4>\n<p>@{variables('sender-name')} &lt;<a href=\"mailto:@{variables('sender-email')}\">@{variables('sender-email')}</a>&gt;</p>\n\n<h4>Notes</h4>\n<p>This enquiry has passed a bot check and so should be from a real person. If you suspect this hasn't worked, please report it in the project linked below.</p> \n<p>This issue is set as confidential in case users submit personal information. If they do, it must be treated with care and not used beyond replying to their enquiry without first checking with Archives.</p>\n<p>This issue was created automatically by <a href=\"https://emea.flow.microsoft.com/manage/environments/Default-b311db95-32ad-438f-a101-7ba061712a4e/flows/shared/5e01b213-38ad-4a54-8f7c-25d3bee36101/details\">this</a> Microsoft Power Automate Flow.</p>\n<p>If there are issues with, or suggestions to improve, these enquiry issues please report them <a href=\"https://gitlab.data.bas.ac.uk/MAGIC/add-metadata-toolbox/issues\">in this project</a>.</p>"},"create-issue":{"runAfter":{"issue-body":["Succeeded"]},"type":"Http","inputs":{"uri":"https://gitlab.data.bas.ac.uk/api/v4/projects/462/issues","method":"POST","headers":{"Content-Type":"application/json"},"body":{"title":"Catalogue Item Enquiry - @{variables('message-subject')}","description":"@{outputs('issue-body')}","confidential":true},"authentication":{"type":"Raw","value":"Bearer glpat-jYRMKc_mJD5qMqdCH3h9"}},"runtimeConfiguration":{"contentTransfer":{"transferMode":"Chunked"}}},"Response":{"runAfter":{"create-issue":["Succeeded"]},"type":"Response","kind":"Http","inputs":{"statusCode":201,"headers":{"content-type":"text/html"},"body":"@outputs('response-body-ok')"}}}}},"default":{"actions":{"unknown-poc":{"type":"Response","kind":"Http","inputs":{"statusCode":404,"headers":{"content-type":"text/html"},"body":"@outputs('response-body-error')"}}}},"expression":"@variables('item-poc')","type":"Switch"}},"runAfter":{"turnstile-parse":["Succeeded"]},"else":{"actions":{"bot":{"type":"Response","kind":"Http","inputs":{"statusCode":200,"headers":{"content-type":"text/html"},"body":"@outputs('response-body-error')"}}}},"expression":{"and":[{"equals":["@body('turnstile-parse')?['success']",true]}]},"type":"If"},"message-body":{"runAfter":{"message-subject":["Succeeded"]},"type":"InitializeVariable","inputs":{"variables":[{"name":"message-content","type":"string","value":"@triggerFormDataValue('message-content')"}]}},"message-sender-name":{"runAfter":{"message-body":["Succeeded"]},"type":"InitializeVariable","inputs":{"variables":[{"name":"sender-name","type":"string","value":"@triggerFormDataValue('message-sender-name')"}]}},"message-sender-email":{"runAfter":{"message-sender-name":["Succeeded"]},"type":"InitializeVariable","inputs":{"variables":[{"name":"sender-email","type":"string","value":"@triggerFormDataValue('message-sender-email')"}]}}},"outputs":{}},"connectionReferences":{},"flowFailureAlertSubscribed":false,"isManaged":false}}